X,Y,Time
1600,794,0
800,83,65253.730000000025
832,180,65274.15000000001
832,180,65291.8
767,163,65308.075000000026
767,163,65323.93000000001
767,163,65343.730000000025
851,197,65360.635000000024
785,191,65376.08000000003
813,146,65393.31500000002
813,146,65409.56000000001
732,162,65430.095000000016
777,246,65446.135000000024
767,240,65461.91000000002
739,173,65478.64500000003
739,173,65494.220000000016
639,283,65515.970000000016
639,283,65533.94500000002
675,158,65550.34999999999
675,158,65567.35000000002
718,162,65583.545
771,159,65599.68500000001
709,135,65616.045
709,135,65631.83
701,171,65648.82000000002
701,171,65665.41500000002
626,158,65681.71500000001
626,158,65697.09000000001
626,158,65713.77500000001
333,332,65730.335
333,332,65745.73500000003
215,281,65762.02500000001
273,295,65777.43000000001
378,385,65797.15500000001
259,343,65814.145
269,364,65829.72500000002
266,344,65845.22000000002
362,286,65862.02500000001
373,308,65878.31000000001
793,172,65907.04000000002
610,266,65927.04000000002
621,213,65943.35500000003
612,241,65974.7
612,241,65992.585
652,215,66026.19000000002
724,184,66042.96500000001
724,184,66059.59000000001
563,236,66092.19000000002
549,228,66109.17000000003
567,74,66127.24000000003
499,164,66156.97500000002
499,164,66173.74
626,207,66190.085
643,197,66225.55500000001
643,197,66242.65500000001
744,129,66273.12500000001
776,194,66291.53499999999
723,148,66313.44000000002
559,283,66342.71
588,254,66362.75500000002
609,217,66384.54
477,347,66415.145
477,347,66435.58500000004
516,260,66467.02
516,230,66485.06000000001
516,230,66502.47500000002
495,273,66533.25000000001
381,321,66550.52500000001
381,321,66568.10000000002
558,150,66590.35000000002
506,154,66607.43500000001
535,340,66628.335
544,219,66645.56000000001
544,219,66663.395
668,205,66681.52000000003
668,205,66698.24
492,306,66729.75499999999
632,156,66747.28000000001
616,144,66765.30500000001
494,271,66796.97000000002
494,271,66815.29000000002
495,269,66847.35000000002
499,210,66865.21
539,188,66886.12500000001
647,242,66917.99000000003
647,242,66935.75000000001
622,220,66953.24500000001
523,68,66987.45000000003
523,68,67005.74500000001
518,261,67039.56000000001
643,226,67059.835
523,261,67099.67000000003
609,271,67118.72000000002
686,193,67151.01
686,193,67169.69500000002
661,111,67202.69000000002
661,111,67220.76
575,211,67253.64500000003
575,211,67274.19000000002
567,265,67304.615
603,211,67322.87000000001
603,211,67340.865
482,208,67358.73
707,228,67388.06500000002
707,228,67405.37999999999
790,270,67425.94000000002
659,301,67455.87000000004
659,301,67475.76
733,326,67493.84000000004
586,268,67524.06000000001
592,249,67541.52
636,252,67559.84000000001
642,176,67592.59500000002
615,356,67609.94499999999
693,190,67634.20000000003
543,318,67663.83500000004
543,318,67681.52500000001
431,347,67698.52000000003
527,237,67728.94499999999
527,237,67747.81000000001
530,222,67771.44000000002
636,271,67806.99500000001
542,239,67828.14
579,270,67860.12000000001
540,200,67878.71
718,232,67912.26000000002
605,207,67929.55000000003
685,214,67960.64
685,214,67977.94000000002
690,157,67995.31500000002
614,347,68028.65000000001
614,347,68048.27500000001
694,301,68079.71500000001
563,225,68103.10500000003
700,315,68134.295
656,199,68151.43999999999
656,199,68170.21500000001
703,327,68203.17000000003
682,207,68224.42500000003
682,207,68241.74500000001
608,296,68261.42500000003
608,296,68282.65000000001
670,331,68302.17500000003
670,331,68326.08
613,315,68345.51500000003
636,369,68366.43500000001
636,369,68387.58
647,343,68415.30500000001
698,241,68432.52
698,241,68449.38000000002
625,270,68467.73
657,252,68485.21
657,252,68502.06500000002
705,326,68534.63000000002
728,232,68552.10000000002
724,284,68582.82000000002
724,284,68600.295
657,340,68618.09500000002
737,327,68648.60500000003
650,298,68665.85000000002
650,298,68683.15000000001
850,263,68700.61500000003
942,347,68730.72000000002
930,274,68748.22500000002
871,259,68767.43500000004
833,272,68797.36000000003
833,272,68815.24
1017,351,68835.44500000002
746,330,68865.675
746,330,68884.60500000003
731,425,68901.74
823,269,68938.825
683,370,68957.74000000003
683,370,68977.12000000001
769,135,68996.55
752,189,69013.985
740,331,69030.83
740,331,69047.73000000003
781,459,69066.3
750,426,69083.43500000001
742,309,69100.60500000003
754,283,69118.175
733,232,69135.95500000003
733,232,69152.32000000002
766,102,69172.06500000002
843,272,69190.12500000001
843,272,69207.02500000001
897,229,69223.79
897,229,69240.37500000001
868,236,69258.48000000003
868,236,69274.83
934,284,69291.83000000003
885,231,69308.23
872,345,69326.03000000001
872,345,69342.21500000001
845,346,69359.55500000001
928,290,69375.80000000003
928,290,69396.145
785,411,69414.72000000002
871,318,69437.54500000003
871,318,69457.55000000003
878,304,69474.02
878,304,69490.76000000002
858,264,69511.81000000001
758,333,69529.33500000004
758,333,69545.64
779,269,69561.91500000002
788,251,69578.53500000002
864,217,69595.05500000004
864,217,69611.13500000002
868,324,69627.40500000001
887,328,69643.985
929,322,69661.335
929,322,69677.78000000001
833,219,69694.31500000002
833,219,69714.43500000001
808,320,69731.33500000004
808,320,69746.69500000002
808,320,69762.605
890,307,69779.50500000002
924,267,69795.26
924,267,69811.43500000001
900,339,69831.46500000001
964,288,69852.44500000002
883,124,69870.85000000002
883,124,69887.22000000002
858,233,69906.425
857,231,69927.30000000003
1038,324,69944.28000000001
957,124,69962.02500000001
957,124,69978.29
888,291,69994.75000000001
888,291,70011.05500000001
779,288,70027.61
779,288,70043.325
881,233,70060.76500000003
881,233,70076.79000000002
1040,152,70092.64500000003
1040,152,70108.65500000001
991,192,70125.50500000002
991,192,70140.98
991,192,70160.20000000003
1049,230,70177.31999999999
1049,230,70192.81000000001
995,269,70208.44000000002
995,269,70224.14000000003
1039,216,70240.37000000001
1039,216,70256.97000000002
1136,198,70272.56500000002
1114,254,70288.45
1178,336,70306.23000000003
1093,390,70322.46500000001
1040,331,70338.105
952,240,70354.34999999999
1030,198,70371.59500000002
1097,373,70387.56500000002
1124,310,70408.395
1065,299,70428.96
1116,219,70445.01000000002
1075,342,70465.71500000001
1075,342,70481.55000000003
1087,224,70497.25000000001
1087,224,70513.3
1087,224,70528.94000000002
1111,244,70544.62000000001
1211,246,70561.06500000002
1185,253,70578.605
1185,253,70593.93500000001
1066,244,70610.29000000002
1066,244,70629.86
1115,262,70649.885
1203,299,70667.03000000001
1203,299,70687.00000000001
1174,227,70703.63500000002
1246,271,70722.85000000002
1168,195,70738.47000000002
1155,161,70754.7
1123,284,70772.98500000003
1192,240,70788.46500000001
1175,243,70804.605
1190,195,70820.34000000001
1190,195,70837.19499999999
1167,255,70854.395
1167,255,70870.25500000002
1134,255,70887.05
1267,314,70909.03500000002
1267,314,70925.05500000001
1197,446,70940.77
1168,439,70958.71500000001
1217,364,70978.96500000001
1160,388,70995.01500000003
1160,388,71011.43500000004
1217,390,71027.41000000002
1200,342,71043.96500000001
1266,363,71060.06000000001
1266,363,71075.69500000002
1117,310,71095.545
1117,310,71113.66500000002
1165,382,71129.8
1206,420,71145.31000000001
1206,391,71161.835
1222,300,71177.60500000003
1206,306,71198.03500000002
1229,261,71214.41500000002
1298,215,71231.28000000001
1237,268,71246.96000000004
1287,248,71262.69000000002
1156,356,71278.645
1156,356,71294.83
1181,323,71311.09999999999
1212,250,71326.69000000002
1272,259,71342.67000000003
1272,259,71359.38000000002
1279,267,71376.78500000002
1270,370,71397.08
1156,327,71413.48000000003
1269,217,71433.915
1269,217,71449.24000000003
1270,376,71465.92
1270,376,71482.31000000001
1173,436,71498.80500000004
1161,443,71519.65000000001
1202,399,71537.06000000001
1202,399,71552.72000000002
1265,436,71572.75500000002
1270,456,71588.90000000001
1270,456,71604.69500000002
1270,456,71621.605
1246,314,71637.205
1231,338,71652.56500000002
1320,397,71670.15000000004
1307,404,71686.92500000003
1305,413,71702.68000000001
1305,413,71719.15000000001
1323,326,71736.23000000003
1323,326,71752.23000000003
1312,382,71769.58
1312,382,71786.47500000002
1354,344,71805.62999999999
1354,344,71823.265
1275,375,71839.00000000001
1275,375,71855.65500000001
1308,273,71871.37500000001
1253,321,71888.80500000001
1280,457,71904.50000000001
1280,457,71920.21
1258,499,71936.37000000001
1258,499,71954.07000000002
1187,333,71969.93999999999
1187,333,71986.43500000001
1187,333,72003.91000000002
1268,382,72019.71000000004
1300,425,72035.97000000002
1300,425,72054.31000000001
1363,447,72072.05
1363,447,72087.62000000001
1221,433,72103.98000000003
1221,433,72119.48
1389,384,72140.18500000001
1389,384,72156.52000000003
1376,379,72172.58
1376,379,72188.33
1344,327,72204.73
1344,327,72224.69000000002
1327,433,72240.605
1303,426,72257.15500000001
1328,298,72275.46500000001
1403,391,72291.40000000001
1446,383,72307.14000000003
1421,270,72323.25500000002
1421,270,72339.47500000002
1366,271,72355.30500000001
1444,420,72370.94000000002
1444,420,72387.10000000002
1400,376,72403.7
1348,398,72419.87000000001
1288,424,72437.66000000002
1288,424,72454.74500000001
1384,565,72474.56500000002
1384,565,72490.28500000002
1352,347,72506.11000000003
1352,347,72522.835
1198,319,72543.325
1241,316,72559.085
1325,285,72575.31000000001
1325,285,72591.46
1278,269,72607.985
1246,216,72623.835
1379,378,72639.57000000002
1346,429,72656.24500000001
1207,459,72672.19500000002
1207,459,72687.765
1287,365,72703.44000000002
1287,365,72719.985
1287,365,72735.385
1178,301,72752.02
1178,301,72768.48
1289,298,72785.74500000001
1321,313,72801.77500000001
1291,118,72818.37500000001
1369,337,72836.44500000002
1430,463,72852.27000000003
1366,350,72868.84500000002
1366,350,72885.26500000003
1508,462,72901.89
1426,441,72920.98
1396,426,72938.865
1396,426,72954.83
1428,515,72977.01500000003
1428,515,72992.54500000003
1368,404,73009.15500000001
1376,420,73025.42000000003
1311,455,73041.67
1311,455,73057.37000000001
1430,288,73073.08000000003
1411,315,73090.68000000001
1411,315,73107.72500000002
1265,390,73123.63000000002
1305,287,73139.26500000003
1305,287,73157.31500000002
1292,426,73177.31000000001
1280,404,73194.05000000003
1230,381,73210.17000000003
1230,381,73226.25000000001
1297,439,73244.34500000002
1297,439,73263.09999999999
1261,448,73279.22000000002
1251,577,73294.8
1339,353,73311.94000000002
1339,353,73327.63000000002
1465,472,73343.51
1465,472,73359.74500000004
1388,529,73375.84500000002
1388,529,73391.27500000004
1343,410,73407.425
1343,410,73423.47500000002
1411,462,73438.94000000002
1411,462,73455.32000000002
1411,462,73471.35000000002
1427,561,73487.55000000003
1427,561,73506.075
1422,527,73522.18500000004
1422,527,73537.56000000001
1357,531,73556.41000000002
1392,470,73571.99500000001
1392,470,73588.72000000002
1314,564,73605.63000000002
1314,564,73622.02500000001
1279,510,73637.59000000001
1279,510,73654.00500000002
1298,467,73670.06500000002
1298,467,73686.30500000004
1273,445,73705.56000000001
1273,445,73721.98000000003
1362,538,73738.31500000002
1362,538,73754.71500000004
1243,474,73770.72500000002
1243,474,73786.10000000002
1274,481,73802.75000000001
1274,481,73818.10000000002
1274,481,73834.01000000002
1317,575,73851.705
1317,575,73868.79000000002
1315,505,73884.51000000002
1315,505,73903.03000000001
1389,525,73918.88000000002
1389,525,73940.37500000001
1289,422,73956.735
1403,528,73972.765
1403,528,73988.56000000004
1327,501,74005.8
1327,501,74022.48000000003
1233,488,74038.2
1306,590,74057.45
1360,418,74076.31999999999
1360,418,74097.72000000002
1247,411,74114.10500000003
1297,568,74131.64000000003
1297,568,74150.68000000001
1191,558,74169.895
1191,558,74188.08500000004
1257,523,74207.27
1275,590,74226.15500000001
1275,590,74245.02
1199,516,74265.64
1280,496,74289.575
1215,487,74313.96500000001
1274,449,74333.165
1200,464,74354.31000000001
1200,464,74375.11000000003
1193,443,74391.40500000001
1207,546,74411.17000000003
1207,546,74430.27000000003
1283,558,74446.04500000003
1283,558,74463.85500000003
1264,577,74480.10000000002
1264,577,74495.53500000002
1274,561,74516.24500000001
1259,441,74536.93500000001
1260,483,74554.67500000003
1260,483,74570.365
1298,526,74587.865
1298,526,74611.11000000003
1412,539,74626.91500000002
1412,539,74642.60500000003
1346,569,74664.65000000001
1356,510,74680.48
1356,510,74696.12999999999
1305,588,74716.47500000002
1305,588,74733.24
1269,563,74749.46
1269,563,74766.28499999999
1312,583,74782.92500000003
1312,583,74800.18000000001
1304,474,74815.84500000002
1304,474,74832.46
1231,565,74849.30500000001
1231,565,74866.49000000003
1345,483,74884.385
1310,580,74900.99000000003
1310,580,74918.62000000004
1310,580,74934.365
1294,615,74950.36500000003
1294,615,74966.235
1306,678,74983.23500000003
1306,678,75001.99500000001
1295,645,75018.16000000002
1295,645,75037.14000000003
1277,617,75053.07000000002
1277,617,75069.10000000002
1293,605,75085.38000000002
1293,605,75105.51
1228,637,75127.90000000001
1267,681,75144.24
1267,681,75159.42500000003
1330,665,75175.83
1330,665,75191.96
1307,597,75209.81000000001
1257,599,75226.09000000001
1367,601,75242.47499999999
1367,601,75258.605
1314,607,75274.65000000001
1324,676,75289.92000000003
1324,676,75305.39
1284,648,75322.24
1284,648,75337.765
1299,621,75353.59000000001
1299,621,75369.55000000003
1347,655,75386.06500000002
1347,655,75401.32000000002
1288,693,75417.39
1288,693,75436.12500000001
1284,643,75452.34000000001
1284,643,75471.92500000003
1299,610,75492.48000000003
1333,628,75510.43000000001
1333,628,75530.77
1291,642,75548.04
1291,642,75563.50000000001
1223,665,75586.37500000001
1223,665,75601.78500000002
1319,673,75618.62000000001
1301,677,75633.96500000001
1275,716,75650.15500000001
1275,716,75665.62000000001
1275,716,75681.77500000001
1338,672,75698.31000000001
1177,794,75715.645
1163,716,75735.53000000001
1186,684,75752.35000000002
1186,684,75768.265
1217,717,75785.03000000001
1217,717,75800.71500000001
1182,797,75817.80000000003
1182,797,75833.38000000002
1298,622,75850.02500000001
1298,622,75865.62000000004
1198,612,75881.90500000001
1198,612,75898.47000000002
1253,674,75916.39000000003
1253,674,75932.01000000002
1175,736,75948.71000000004
1218,714,75965.97000000002
1243,771,75982.27000000003
1243,771,75998.66500000002
1198,747,76015.41500000002
1198,747,76032.05500000001
1209,745,76048.31500000002
1274,668,76064.65500000001
1274,668,76081.89
1243,795,76103.44000000002
1211,826,76119.41000000002
1211,826,76134.87500000001
1192,696,76150.58500000004
1192,696,76166.75000000001
1236,680,76182.89500000003
1321,691,76204.44000000002
1265,697,76221.25500000002
1265,697,76237.72499999999
1260,789,76253.80500000001
1260,789,76269.44500000002
1195,696,76285.84999999999
1195,696,76301.69500000002
1167,679,76318.12500000001
1167,679,76333.69000000002
1171,751,76349.59999999999
1171,751,76365.95000000003
1146,814,76384.26500000003
1146,814,76399.50000000001
1146,814,76418.78000000001
1143,794,76434.84500000002
1143,794,76452.31000000001
1167,711,76468.51500000003
1258,804,76486.93000000001
1258,804,76503.17
1129,794,76522.30000000003
1168,799,76537.47000000002
1192,787,76553.66500000002
1192,787,76569.63000000002
1154,735,76585.66000000002
1154,735,76601.24
1209,836,76619.19000000002
1209,836,76634.765
1136,797,76650.83
1136,797,76666.88000000002
1084,792,76683.365
1073,800,76701.89
1124,811,76718.06500000002
1150,752,76733.425
1106,782,76749.92000000003
1106,782,76766.08
1106,782,76781.67500000003
1116,799,76798.455
1116,799,76814.44500000002
1239,811,76831.00000000001
1239,811,76847.02
1115,911,76867.51500000003
1144,802,76890.64500000003
1159,761,76908.02
1199,812,76924.46500000001
1155,835,76941.58
1089,761,76957.34000000001
1089,761,76973.53500000002
1178,808,76989.3
1178,808,77005.66500000002
1142,863,77021.615
1142,863,77037.05
1105,704,77053.015
1105,704,77069.665
1109,790,77085.80500000001
1109,790,77101.62500000001
1115,736,77118.675
1115,736,77134.62000000001
1115,736,77152.575
1114,752,77168.365
1114,752,77184.76
1077,745,77205.19500000002
1166,727,77221.18000000004
1166,727,77236.93500000001
1188,838,77255.33500000004
1176,793,77271.27
1167,750,77290.95500000003
1167,750,77307.12000000001
1216,737,77324.16500000002
1216,737,77340.37000000004
1238,669,77356.08
1238,669,77372.295
1182,658,77389.02500000004
1058,664,77404.54000000002
1061,771,77421.19499999999
1061,771,77436.765
996,605,77453.07000000002
1089,754,77468.66000000002
1075,789,77485.01500000003
1075,789,77500.47000000002
1075,789,77517.57000000002
1098,738,77536.48500000003
1125,770,77552.25500000002
1129,755,77572.80000000003
1055,781,77593.74500000001
1055,781,77612.78500000002
1042,840,77633.94000000002
1042,840,77649.49500000001
1028,868,77666.365
1046,836,77682.09000000001
1110,727,77698.03000000001
1120,704,77713.53000000001
1091,745,77734.35000000002
1040,694,77752.21
1040,694,77768.04500000003
1049,727,77784.85500000003
1019,736,77800.37500000001
991,747,77816.68500000004
1011,714,77836.15500000001
987,750,77855.13500000002
987,750,77876.66000000002
1095,724,77897.35500000003
1007,783,77912.69000000002
1054,683,77932.40500000001
1054,683,77948.43000000004
996,802,77964.95500000003
996,802,77980.65000000001
964,778,77999.96
964,778,78018.00000000001
967,760,78034.05000000003
967,760,78049.86000000003
975,861,78066.85000000002
975,742,78084.67
902,791,78100.47500000002
893,779,78117.03500000002
911,782,78133.425
1100,760,78149.53500000002
1100,760,78166.635
1153,809,78184.17000000003
1162,830,78200.34000000001
1065,799,78216.80000000003
944,747,78232.205
944,747,78248.25000000001
960,708,78264.53500000002
960,708,78279.93500000001
1005,854,78296.34500000002
1005,854,78314.35000000002
918,814,78330.50500000002
918,814,78345.97000000002
1026,711,78362.07000000002
1034,725,78381.01000000002
993,791,78397.01000000002
993,791,78412.88500000002
1000,845,78429.67500000003
938,763,78446.37000000001
905,686,78465.07000000002
905,686,78481.60500000003
832,698,78497.51000000002
832,698,78514.19500000002
740,655,78532.88500000002
855,578,78549.00000000001
898,562,78568.33000000003
792,624,78587.44000000002
832,600,78602.94500000002
855,531,78618.84500000002
843,626,78635.105
847,520,78650.75500000002
845,669,78666.395
845,669,78681.91500000002
875,655,78698.42000000003
875,655,78714.40000000001
881,752,78730.62000000001
888,727,78746.585
542,1013,78763.72000000002
633,1010,78779.295
376,1030,78800.145
588,875,78816.12000000001
496,871,78832.75500000002
703,874,78848.335
1019,880,78865.96500000001
1019,880,78881.645
1020,895,78902.085
951,800,78919.81500000002
937,841,78935.63000000002
922,851,78951.80500000004
814,838,78968.68000000004
814,838,78984.895
774,682,79000.43000000001
756,663,79017.17000000003
877,608,79033.91500000002
871,617,79049.27000000003
854,678,79065.28000000001
854,678,79082.74500000001
851,693,79098.16500000002
861,674,79117.71
1013,719,79133.46
1013,719,79151.19500000002
721,691,79167.72500000002
688,609,79184.68500000001
780,608,79202.12999999999
780,608,79219.00499999999
737,623,79234.78000000001
737,623,79250.645
781,586,79266.84000000001
808,658,79283.53000000001
851,656,79299.26000000002
760,717,79315.91000000002
760,717,79336.27
768,722,79352.81500000002
840,642,79369.22500000002
840,642,79385.17500000003
933,561,79402.28000000001
904,593,79420.03500000002
881,645,79435.735
881,645,79451.67000000003
704,555,79467.68000000004
697,573,79486.00000000001
727,620,79506.18500000001
727,620,79522.04000000002
671,556,79540.30000000003
584,696,79559.34000000001
532,642,79577.33500000004
552,568,79596.69000000002
552,568,79616.90000000001
561,608,79632.65500000001
461,614,79650.18000000004
422,627,79671.36
521,575,79689.58000000003
506,603,79708.36000000003
506,603,79724.64000000003
563,579,79740.95000000003
521,588,79759.06000000001
544,560,79775.39500000003
586,543,79791.42500000003
496,557,79811.38000000002
496,572,79828.96
496,572,79844.51
564,570,79862.43000000001
593,554,79877.98500000003
674,481,79897.17500000003
674,481,79917.78499999999
606,491,79933.79500000003
606,491,79950.03000000001
547,563,79971.49
482,538,79987.48000000003
482,538,80003.46500000004
605,425,80020.24000000003
549,442,80035.68000000001
529,543,80051.77500000001
529,543,80067.19000000002
541,547,80083.615
450,640,80099.645
421,644,80115.67000000003
385,642,80131.39500000003
476,650,80147.635
547,523,80163.83
547,523,80179.26000000002
377,537,80195.25000000001
448,489,80211.43500000001
503,563,80231.73000000003
503,563,80248.71
438,601,80264.57500000003
376,593,80280.38000000002
243,687,80296.07500000003
243,687,80311.49500000004
199,697,80328.69499999999
199,697,80345.68500000001
106,728,80362.09500000002
131,755,80377.71500000001
238,703,80396.73000000003
299,678,80412.86000000003
269,733,80428.77500000001
292,651,80444.38000000002
292,651,80462.03000000001
221,635,80477.68500000001
221,635,80493.97500000002
246,642,80510.835
246,642,80527.44000000002
251,649,80543.57000000002
251,649,80560.835
283,743,80577.17000000003
283,743,80596.365
571,607,80616.41000000002
540,550,80632.07000000002
431,588,80648.24500000001
493,598,80664.615
493,598,80683.12500000001
461,664,80698.93000000001
480,608,80714.95
427,723,80733.10500000003
427,723,80749.20000000003
439,730,80764.86000000003
439,730,80780.45000000003
518,607,80796.915
475,581,80813.98500000003
475,581,80830.60500000003
508,627,80847.46
482,631,80863.3
358,673,80879.17500000003
358,673,80895.15000000001
458,533,80911.72500000002
458,533,80928.69000000002
444,600,80944.63500000002
428,628,80961.19500000002
394,662,80977.96500000001
394,662,80993.97500000002
439,645,81016.29000000002
484,531,81035.19000000002
484,531,81051.22000000002
471,690,81070.59000000001
471,690,81087.12000000001
449,628,81102.78000000001
415,571,81120.66500000002
349,674,81136.99
424,716,81153.51
411,594,81170.675
411,594,81190.27500000001
406,675,81205.82000000002
406,675,81221.78000000001
425,615,81238.70000000003
425,615,81254.14000000003
381,640,81272.50500000002
381,640,81288.36500000003
228,689,81304.65000000001
287,658,81320.64000000003
429,583,81336.675
429,583,81351.90500000001
418,590,81368.115
418,590,81383.77500000001
414,606,81399.41500000002
414,606,81418.40000000001
369,564,81434.86
369,564,81453.77
395,660,81471.27000000003
395,660,81486.74
358,662,81504.61
358,662,81520.92500000003
320,685,81538.66000000002
320,685,81553.92000000003
374,727,81572.615
259,635,81592.99
129,724,81610.76000000002
129,724,81630.39000000003
357,596,81648.15000000001
357,596,81664.45
224,698,81680.54000000002
226,712,81696.59500000002
297,687,81713.06500000002
297,687,81728.94499999999
270,629,81744.68000000001
270,629,81761.645
307,689,81780.455
249,754,81796.75500000002
249,754,81814.31500000002
292,666,81831.96
292,666,81847.87000000001
329,683,81864.02
329,683,81880.65500000001
325,723,81896.53000000001
325,723,81912.37000000001
325,723,81928.12500000001
218,759,81944.33000000003
218,759,81962.26
245,706,81977.73000000003
245,706,81993.49500000001
310,647,82014.50500000002
329,642,82032.05000000003
382,588,82048.03500000002
382,588,82064.21000000004
403,740,82081.98500000003
403,740,82101.28000000001
299,611,82117.18000000001
386,695,82132.66000000002
386,695,82152.47499999999
267,646,82169.58000000003
267,646,82186.48500000003
336,710,82203.16000000002
305,755,82221.73000000003
343,615,82241.59000000001
343,615,82260.49000000003
338,634,82278.93500000001
338,634,82298.39
292,623,82318.39000000003
292,623,82342.68500000001
300,679,82366.94500000002
337,676,82383.2
337,676,82398.365
257,759,82414.44500000002
253,727,82430.87000000001
336,671,82454.48500000003
304,654,82471.355
304,654,82486.98
221,746,82506.21
221,746,82521.93000000001
204,737,82538.2
204,737,82553.85500000003
216,583,82572.59000000001
216,583,82591.13000000002
327,671,82606.735
327,671,82625.50000000001
306,632,82641.81500000002
269,602,82659.675
252,630,82675.27500000001
252,630,82691.67500000003
269,582,82707.90500000001
269,582,82728.26000000002
164,701,82744.46000000004
164,701,82760.645
279,670,82778.77500000001
279,670,82795.35000000002
243,668,82811.43000000004
243,668,82827.31500000002
152,686,82846.14500000003
152,686,82862.07500000003
112,730,82878.02500000004
158,717,82894.54500000003
151,736,82910.47500000002
151,736,82926.15500000001
204,636,82942.02500000001
213,676,82959.52000000003
145,764,82978.50000000001
145,764,82997.83
317,526,83015.47499999999
405,498,83031.31000000001
255,655,83046.98500000003
196,724,83062.72500000002
228,727,83079.01
200,704,83094.75500000002
199,678,83110.87500000001
159,658,83126.43500000001
236,754,83142.56000000001
236,754,83158.16500000002
128,707,83174.55500000001
128,707,83190.59500000002
104,702,83213.29000000002
164,681,83228.865
262,616,83244.70000000003
262,616,83261.03000000001
289,646,83279.76500000003
289,646,83299.85500000003
355,638,83316.28500000002
263,665,83332.47000000002
263,665,83348.59500000002
254,778,83366.04000000002
233,711,83382.02500000001
227,637,83397.83000000003
204,653,83417.81000000001
204,653,83433.865
265,688,83449.48000000003
265,688,83465.34000000001
179,723,83483.18000000004
179,723,83498.12500000001
215,709,83514.49500000001
215,709,83530.91500000002
361,684,83546.79500000003
361,684,83562.73500000003
309,585,83579.24
309,585,83597.86000000003
385,652,83614.21500000001
385,652,83629.90500000004
362,627,83645.69500000002
362,627,83662.425
334,587,83678.07000000002
334,587,83693.50500000002
325,750,83709.28500000002
325,750,83726.17000000003
414,664,83744.19500000002
414,664,83760.52500000001
415,665,83776.25500000002
319,660,83792.3
319,660,83813.24000000003
366,728,83828.69000000002
395,658,83844.22500000002
335,620,83860.90000000001
418,684,83877.62000000004
418,684,83893.48
438,612,83910.05
438,612,83926.04000000002
419,572,83941.60000000002
419,572,83957.295
463,713,83974.43500000001
437,719,83990.50500000002
433,618,84006.80500000001
433,618,84022.90000000001
480,652,84040.67000000003
411,675,84057.98
363,695,84073.60000000002
363,695,84090.97000000002
430,611,84108.86
430,611,84124.84500000002
413,617,84140.89500000003
413,617,84156.80500000001
413,617,84173.46000000004
395,669,84194.585
395,669,84210.47000000002
362,602,84229.335
427,634,84249.06000000001
427,634,84264.91000000002
378,647,84280.91000000002
378,647,84296.30000000003
456,947,84313.21
485,965,84328.86
229,937,84347.56500000002
374,955,84363.23
578,1082,84379.87000000001
682,1103,84395.28000000001
797,943,84410.80500000001
797,943,84427.41500000002
675,831,84443.11500000003
701,764,84459.31500000002
633,697,84475.26000000002
531,708,84491.29500000003
556,574,84507.31500000002
440,723,84523.16000000002
440,723,84538.94499999999
463,682,84557.69000000002
479,630,84572.88000000002
546,596,84589.46000000004
507,618,84606.56500000002
540,487,84623.40000000004
500,624,84639.00000000001
494,606,84656.605
494,606,84672.33500000004
456,649,84690.59000000001
456,649,84706.31000000001
458,573,84723.36
542,473,84741.00000000001
499,523,84762.51000000002
564,541,84780.14500000003
564,541,84797.40500000001
508,644,84813.85500000003
479,593,84830.10500000003
500,707,84847.93500000004
500,707,84863.49500000001
473,478,84880.28000000001
473,478,84898.10000000002
473,478,84913.99
491,621,84929.84500000002
491,621,84950.98
420,566,84968.34000000001
311,813,84984.53000000001
350,870,85002.41000000002
215,990,85018.95500000003
460,1078,85034.68000000001
635,1066,85050.79500000003
764,929,85066.82000000002
932,951,85084.57500000003
925,871,85100.12500000001
850,888,85116.44500000002
795,790,85132.43000000001
716,676,85155.09500000002
662,517,85171.97500000002
589,509,85189.36
605,547,85207.03500000002
562,551,85223.56500000002
379,708,85244.21500000001
379,708,85260.46500000001
376,721,85276.29000000002
401,548,85292.68000000001
437,617,85309.52500000004
397,659,85325.68999999999
397,659,85341.56500000002
428,561,85358.58
523,482,85374.27500000001
567,502,85390.145
567,502,85406.57000000002
471,518,85423.87500000001
471,518,85439.65500000001
567,601,85457.47000000002
567,601,85473.75000000001
545,602,85489.80500000001
545,602,85505.25500000002
637,520,85521.765
576,586,85538.93000000001
609,458,85555.62000000004
558,683,85572.21
558,683,85589.75000000001
486,696,85607.03500000002
476,657,85625.82000000002
476,657,85643.34000000001
579,490,85659.57000000002
651,482,85675.8
583,482,85691.365
583,482,85706.835
719,543,85723.145
663,582,85739.05500000004
893,475,85755.22500000002
893,475,85771.77000000003
933,554,85789.57000000002
933,554,85805.60000000002
855,530,85824.44500000002
850,524,85839.795
880,428,85856.60000000002
831,430,85871.795
744,453,85888.77
785,442,85904.34500000002
827,559,85924.415
757,600,85940.14
706,561,85956.97000000002
776,628,85975.27
714,649,85994.69500000002
714,649,86010.92000000003
763,520,86026.57000000002
822,442,86042.12500000001
847,572,86058.87500000001
908,583,86074.085
778,475,86089.97499999999
765,496,86105.84500000002
1007,643,86122.68000000004
1062,566,86138.26000000002
1085,463,86154.66500000002
1085,463,86171.62000000001
1037,488,86188.56000000001
1088,545,86204.46500000001
1004,572,86221.59000000001
1004,572,86238.38500000002
941,588,86257.71500000001
951,546,86273.06000000001
686,669,86288.78000000001
686,669,86307.72500000002
534,660,86324.06500000002
655,650,86339.60500000003
665,641,86357.92000000003
668,603,86377.64500000003
820,414,86393.19000000002
820,414,86409.15500000001
762,432,86425.42000000003
762,432,86441.56500000002
741,427,86459.63000000002
745,492,86475.40000000004
684,511,86491.11
684,511,86507.76500000003
760,427,86523.92000000003
760,427,86543.705
833,532,86561.77500000001
833,532,86578.10500000003
895,462,86598.87000000004
857,419,86615.56000000001
857,419,86632.39500000003
964,528,86648.835
964,528,86665.26000000002
848,563,86685.81500000002
848,563,86702.12999999999
859,444,86720.41000000002
859,444,86736.93500000001
859,444,86753.42000000003
842,525,86771.425
767,569,86787.67500000003
759,517,86803.68000000001
733,521,86820.22000000002
733,521,86837.15500000001
736,352,86855.925
759,404,86871.56000000001
835,529,86888.35500000003
835,529,86910.41000000002
609,700,86926.54000000002
609,700,86941.97000000002
296,828,86961.07500000003
447,1077,86979.77500000001
447,958,86995.21500000001
653,996,87011.22000000002
694,988,87026.66500000002
766,1002,87043.09500000002
1039,959,87061.09000000004
991,775,87077.50000000001
924,708,87093.72000000002
892,648,87110.16500000002
894,557,87127.69000000002
861,562,87143.23500000003
784,550,87159.41500000002
808,584,87175.19000000002
867,523,87194.60000000002
867,523,87210.92500000003
874,647,87227.69499999999
874,647,87243.29000000002
891,466,87259.43500000001
828,565,87274.74500000001
878,506,87291.04
870,512,87306.78000000001
932,534,87322.57500000003
932,534,87338.105
840,448,87355.34500000002
840,448,87374.15500000001
868,504,87393.25499999999
868,504,87409.16500000002
891,500,87430.02
758,487,87445.81000000001
758,487,87461.29500000003
758,487,87477.22000000002
950,572,87495.96500000001
950,572,87511.97000000002
924,504,87527.90000000001
924,504,87544.11500000003
947,444,87560.05500000004
948,509,87576.31000000004
869,551,87592.27
869,551,87609.00500000002
921,518,87628.82000000002
921,518,87645.74
891,583,87667.39
925,583,87684.55000000003
925,583,87699.97000000002
1031,467,87716.16000000002
939,538,87735.52000000003
1005,479,87752.06500000002
1005,479,87769.38000000002
1011,469,87786.15500000004
1011,469,87802.08
1019,435,87821.03500000002
973,414,87839.13500000002
973,414,87855.10000000002
1050,552,87872.425
990,533,87888.87000000001
954,436,87909.84000000001
993,479,87925.82000000002
993,479,87941.66500000002
946,560,87957.88500000002
946,560,87973.49500000001
965,460,87989.23500000003
875,508,88005.59000000001
835,484,88021.46
835,484,88036.77
888,516,88052.63000000002
888,516,88069.74500000001
866,533,88085.865
909,504,88102.82000000002
954,492,88119.35000000002
954,492,88136.02000000003
1016,493,88151.79000000002
1016,493,88169.12000000001
881,490,88185.98000000003
936,532,88202.12000000004
881,490,88222.09000000004
898,544,88241.05500000001
905,511,88257.08000000003
914,483,88273.44499999999
919,442,88288.97500000002
947,565,88304.47500000002
947,565,88320.64000000003
651,768,88336.74500000004
754,812,88352.17000000003
497,778,88368.97500000002
559,951,88386.97000000002
566,1050,88402.48000000003
611,978,88423.40000000001
1016,914,88439.27500000001
1040,826,88456.585
985,799,88471.82000000002
999,591,88489.01000000002
1004,594,88508.57000000002
1028,411,88525.12000000001
989,479,88540.52500000004
989,612,88556.55
957,648,88571.84999999999
957,648,88588.295
1017,535,88609.15500000001
1017,535,88625.24500000004
1060,666,88641.21000000004
1060,666,88658.425
1003,429,88674.22500000002
1003,429,88695.69000000002
1134,569,88714.75000000001
1209,502,88732.265
1209,502,88747.765
1080,556,88765.335
994,542,88781.77500000001
978,542,88797.365
978,542,88813.27500000004
1062,438,88829.31000000001
1062,438,88845.44499999999
1007,346,88861.28499999999
1007,346,88878.79
969,411,88897.51500000003
969,411,88914.37000000001
1073,431,88934.13500000002
1018,543,88949.52500000001
1021,521,88965.885
1021,521,88983.40000000001
1065,417,88998.96
1065,417,89015.11
1073,509,89031.42000000003
1035,521,89047.26000000002
1172,512,89064.05500000001
1172,512,89080.02500000004
1093,545,89095.44499999999
1093,545,89112.68000000001
1050,528,89128.55
990,484,89143.885
1095,545,89159.89500000003
1095,545,89176.20000000003
1191,528,89191.95500000003
1191,528,89208.70000000003
1287,566,89225.13000000002
1220,643,89244.33500000004
1151,692,89260.56500000002
1151,692,89276.56000000001
1179,618,89293.49500000004
1179,618,89310.28500000002
1179,618,89330.045
1142,440,89345.74000000003
1191,397,89362.55000000003
1151,500,89378.49500000001
1151,500,89394.02500000001
1242,465,89410.33
1242,465,89426.485
1371,549,89442.49500000004
1332,609,89462.735
1196,675,89478.895
1081,438,89494.83000000003
1081,438,89513.415
1075,519,89529.56000000001
1075,519,89544.74
1120,502,89563.32000000002
1120,502,89578.74500000001
1122,609,89594.31999999999
1122,609,89609.89000000003
1035,606,89630.39000000003
1035,606,89645.72500000002
1031,647,89661.67
1012,620,89678.24500000004
1012,620,89693.44000000002
1098,539,89709.59500000002
1098,539,89727.83
1108,548,89744.50500000002
1116,535,89764.2
1116,535,89780.04
1141,552,89795.94000000002
1229,493,89813.81000000001
1150,578,89830.32000000002
1245,546,89845.75000000001
1255,464,89861.93000000001
1255,464,89878.78000000001
1175,626,89894.44000000002
1151,590,89910.57500000003
1280,537,89926.92000000003
1256,454,89943.20500000003
1270,471,89959.44000000002
1264,506,89975.27500000001
1188,456,89990.59500000002
1188,456,90007.94500000002
1155,608,90023.78000000001
1155,608,90039.12000000001
1078,585,90055.615
1094,490,90075.38000000002
1094,490,90090.75000000001
1233,396,90107.48500000003
1233,396,90129.72000000002
1128,446,90145.27500000001
1128,446,90161.69500000002
1224,431,90177.485
1224,431,90194.63000000002
1153,458,90210.99
1122,519,90227.21
1191,483,90243.04500000003
1243,332,90260.01000000002
1167,402,90275.895
1055,441,90291.26000000002
1055,441,90307.58000000003
1059,518,90324.12500000001
1074,480,90339.62500000001
1030,477,90355.82000000002
1155,311,90371.335
1215,525,90387.50000000001
1279,380,90407.33000000003
1335,384,90423.60000000002
1174,356,90440.18500000001
1174,356,90457.01000000002
1293,392,90472.98000000003
1293,392,90488.84500000002
1308,344,90505.21000000004
1308,344,90522.25500000002
1270,437,90537.76500000003
1270,437,90555.69500000002
1210,406,90572.23500000003
1210,406,90588.02000000003
1180,332,90604.33000000003
1180,332,90620.425
1108,557,90636.57000000002
1108,557,90653.485
1214,305,90669.54500000003
1272,310,90686.56000000001
1319,283,90703.12500000001
1319,283,90721.92500000003
1143,596,90737.47000000002
1143,596,90753.61
418,867,90771.425
641,1062,90786.87500000001
766,1014,90802.94500000002
418,1027,90821.64000000003
830,936,90837.40000000004
853,1021,90854.13000000002
1202,827,90869.59000000001
1202,944,90885.385
1329,777,90901.73
1366,798,90917.455
1379,678,90933.485
1519,590,90950.94000000002
1461,466,90970.46500000001
1419,559,90985.86000000003
1336,426,91001.80500000001
1206,397,91020.05500000001
1267,358,91035.86500000003
1285,285,91051.865
1346,419,91067.59500000002
1260,354,91083.545
1211,353,91099.53500000002
1211,353,91115.63500000002
1198,304,91134.29500000003
1198,304,91151.20500000003
1174,374,91166.985
1142,290,91183.25500000002
1170,266,91199.24000000003
1156,472,91216.35000000002
1135,478,91236.50000000001
1135,478,91253.16500000002
1156,384,91269.34000000001
1156,384,91286.615
1300,450,91302.73000000003
1190,431,91318.50000000001
1189,521,91334.00500000002
1189,521,91350.83000000003
1238,552,91371.43500000001
1238,552,91387.07000000002
1188,454,91405.65000000004
1236,511,91422.12000000004
1268,476,91437.60000000002
1268,476,91453.23000000003
1176,437,91469.87500000001
1195,410,91485.68000000004
1287,404,91501.43000000001
1287,404,91517.31000000001
1287,404,91533.43000000001
1293,582,91556.38000000002
1316,515,91575.72500000002
1316,515,91591.22500000002
1243,426,91610.24500000001
1243,426,91627.235
1303,402,91649.03500000002
1303,402,91671.45500000003
1221,352,91690.77
875,780,91710.50000000001
1020,729,91734.895
128,854,91763.985
453,1076,91784.19499999999
895,1193,91800.44000000002
1047,1156,91816.94500000002
1221,1031,91836.71500000001
1225,957,91852.52500000001
1049,911,91868.58000000003
1058,916,91884.75500000002
1058,916,91902.045
1087,870,91927.90000000001
1307,560,91943.74
1333,734,91959.83
1315,539,91979.83
1276,738,91995.46000000004
1331,651,92011.68500000001
1437,610,92027.43500000001
1394,547,92043.59000000001
1394,547,92059.49
1432,465,92075.74
1321,527,92091.16500000002
1330,621,92107.985
1354,575,92123.63500000002
1197,541,92139.95000000003
1328,420,92156.35500000003
1306,482,92174.2
1306,482,92190.15000000001
1304,439,92206.64500000003
1304,439,92222.49
1084,646,92242.92000000003
1084,646,92261.48000000003
398,980,92277.34000000001
577,1091,92293.415
571,1067,92309.61500000003
687,993,92325.56000000001
995,834,92341.71500000001
978,801,92358.19500000002
1186,690,92374.895
1156,914,92390.45
1292,718,92406.52000000003
1336,863,92422.89000000003
1348,592,92438.66000000002
1284,648,92456.77000000003
1364,688,92473.24500000001
1252,677,92489.10000000002
1186,558,92505.29000000002
1186,558,92521.63000000002
1246,596,92537.25500000002
1246,596,92553.97000000002
1158,451,92569.86000000003
1158,451,92585.35000000002
1226,637,92602.03500000002
1222,583,92620.455
1187,603,92636.03000000001
1237,640,92653.06999999999
1237,640,92670.47000000002
1190,661,92685.885
1235,649,92701.94000000002
1220,609,92717.72500000002
1220,609,92736.825
1141,619,92755.75500000002
1206,513,92771.63500000002
1206,513,92786.94500000002
1162,629,92805.865
1157,610,92821.62500000001
1144,618,92837.03500000002
1144,618,92853.02500000004
1172,571,92869.25499999999
1172,571,92884.615
1241,532,92900.77500000001
1227,540,92916.22000000002
1199,577,92936.73500000003
1216,524,92954.12500000001
1156,697,92970.205
1099,634,92985.92500000003
1099,634,93002.18500000001
1161,722,93018.41500000002
1161,722,93034.07500000003
1172,773,93050.175
1172,773,93066.12500000001
1204,704,93081.99500000004
1204,704,93097.83
1110,695,93114.53000000001
1110,695,93131.43500000001
1137,804,93148.81000000001
1137,804,93164.425
1236,597,93181.79500000003
1236,597,93197.40500000001
1233,697,93213.66000000002
1233,697,93231.115
1253,692,93247.53000000001
1253,692,93263.48
1218,699,93280.27000000003
1218,699,93296.66000000002
1298,647,93317.52000000003
1149,649,93335.31000000001
1149,649,93351.31000000001
1149,649,93366.88000000002
1176,727,93383.175
1226,784,93399.12500000001
1227,654,93415.08500000004
1227,654,93433.295
1256,700,93451.56500000002
1218,720,93467.37000000001
1128,661,93483.10000000002
1128,661,93499.04000000002
1199,721,93516.05500000001
1199,721,93531.83500000004
1215,690,93547.44000000002
1205,667,93563.81000000001
1206,631,93580.88000000002
1206,631,93600.28500000002
1170,661,93617.7
1170,661,93636.24500000001
1201,715,93653.19000000002
1176,631,93669.28000000001
1198,575,93685.26000000002
1250,656,93702.19000000002
1216,728,93718.14000000003
1216,728,93733.72500000002
1086,729,93750.55500000001
1085,741,93766.59999999999
1038,750,93782.49
1038,750,93798.36000000003
1095,646,93813.99
1078,727,93830.60500000003
1151,654,93846.66500000002
1153,644,93863.10000000002
1115,700,93879.74
1165,633,93896.63000000002
1044,679,93912.92
1079,693,93933.51
1113,673,93949.615
1113,673,93965.455
1045,580,93981.105
1045,580,93996.75500000002
1183,573,94013.37500000001
1142,618,94030.84000000001
1060,550,94052.66000000002
934,624,94077.87000000001
964,582,94098.86000000003
964,582,94115.01
1018,693,94131.31000000001
1023,642,94147.13500000002
1023,642,94164.53000000001
1044,670,94180.23000000003
1044,670,94199.79500000003
1124,547,94215.545
1124,547,94234.45500000003
1047,688,94252.02500000004
1047,688,94272.21000000004
1090,638,94290.575
1090,638,94307.31000000001
1175,619,94323.23000000003
1128,603,94338.95500000003
1128,603,94355.06500000002
1079,580,94371.74500000004
1017,549,94395.16500000002
1024,571,94412.64500000003
1024,571,94429.68500000004
1158,686,94448.44500000002
1158,686,94468.09000000001
1061,623,94485.515
1061,623,94503.37000000001
611,1054,94523.98000000003
600,1050,94539.45500000003
265,1013,94555.39
483,1004,94571.73000000003
732,1044,94587.30500000001
862,1113,94603.25500000002
1052,882,94619.16000000002
1026,921,94635.395
1197,977,94651.83
1037,959,94667.32500000003
1080,838,94683.32000000002
1035,867,94700.23000000003
948,762,94716.54500000003
916,696,94736.89
864,596,94753.00000000001
864,596,94769.27000000003
982,573,94785.12500000001
974,614,94801.04000000002
930,694,94816.93000000001
930,694,94832.94500000002
930,694,94849.46
911,588,94865.35500000003
911,588,94881.01000000002
926,605,94899.30500000001
879,474,94920.15999999999
879,474,94935.84000000001
872,573,94951.91000000002
872,573,94968.52500000001
964,525,94984.35000000002
964,525,94999.87000000001
887,517,95017.17000000003
966,475,95033.77500000001
849,594,95050.15500000001
870,577,95068.05500000001
937,634,95086.01500000003
937,634,95101.53000000001
896,610,95117.825
896,610,95133.09500000002
888,603,95150.48
913,576,95166.09500000002
904,611,95181.92500000003
904,611,95197.615
904,611,95213.80500000004
949,633,95229.585
949,633,95244.87000000001
960,668,95262.12000000001
960,668,95278.23000000003
926,528,95295.28000000001
926,528,95311.85500000003
878,675,95328.645
919,644,95345.53000000001
907,554,95361.86000000003
907,554,95378.12000000001
870,576,95395.98000000003
758,644,95412.87500000001
758,644,95428.71
710,509,95445.12500000001
795,475,95462.08
757,596,95478.62999999999
858,607,95495.52500000001
794,588,95511.71
847,575,95529.33500000004
886,573,95546.68000000004
838,665,95564.46
810,712,95580.34000000004
801,617,95601.37000000001
854,622,95617.76000000002
842,536,95633.83500000004
879,510,95649.70000000003
777,614,95665.925
838,599,95687.22000000002
838,599,95703.3
741,610,95719.35500000003
667,614,95736.955
752,570,95753.045
774,605,95768.68500000001
828,559,95787.895
771,563,95805.16000000002
847,549,95821.66500000002
790,599,95837.47499999999
695,605,95853.65000000001
695,605,95869.95
682,542,95885.59000000004
682,542,95901.35000000002
722,660,95920.09500000002
722,660,95935.47000000004
722,660,95951.365
726,423,95967.38500000002
657,415,95983.63000000002
627,238,95999.56500000002
688,287,96017.08
672,398,96032.90000000001
672,398,96049.82500000003
713,370,96066.11000000003
573,474,96081.84500000002
772,572,96100.40500000001
650,647,96117.87000000001
650,647,96132.96500000001
767,449,96149.23
767,449,96165.03000000001
791,638,96181.09500000002
791,638,96197.29
833,457,96212.835
833,457,96228.44500000002
849,481,96244.60000000002
850,435,96264.11
871,505,96279.87000000001
871,505,96296.105
804,549,96313.91000000002
862,565,96331.78000000004
903,555,96348.49500000001
781,581,96365.09999999999
781,581,96380.90500000001
690,613,96397.19000000002
690,613,96412.66000000002
709,437,96428.90500000001
783,443,96444.37500000001
835,553,96464.635
805,535,96480.06500000002
813,574,96501.13500000002
875,582,96518.78500000002
844,512,96534.60500000003
965,444,96551.00500000002
911,425,96567.325
959,465,96583.19000000002
888,359,96599.31500000002
782,448,96615.05000000003
744,513,96631.30500000001
834,370,96647.81500000002
866,362,96663.53000000004
693,502,96680.09999999999
830,405,96696.76500000003
830,405,96712.27500000004
659,523,96728.39
695,492,96743.635
669,526,96762.02500000001
799,427,96777.46500000004
678,496,96796.28500000002
678,496,96812.87500000001
670,536,96832.21500000001
670,536,96848.45500000003
522,648,96864.44500000002
484,654,96881.90000000001
218,793,96897.98500000003
446,980,96914.05000000003
348,938,96929.84500000002
477,1013,96946.22500000002
773,944,96962.18500000001
753,968,96977.48500000003
905,871,96993.14500000003
937,891,97011.84000000004
919,797,97027.74
881,602,97043.235
805,595,97059.65500000001
667,629,97076.56000000001
615,396,97093.83000000003
634,387,97109.855
452,524,97126.87500000001
527,498,97147.585
419,678,97163.55500000004
591,555,97179.175
549,526,97200.12500000001
549,526,97216.09000000004
625,491,97231.79000000002
625,491,97248.30000000003
575,455,97269.885
639,379,97285.31500000002
638,352,97303.33500000004
622,508,97319.62000000001
622,508,97335.69500000002
667,479,97355.7
667,479,97372.24500000001
625,431,97388.03000000001
646,339,97408.36
649,400,97425.60000000002
649,400,97441.17000000003
576,602,97463.00000000001
608,543,97479.19500000002
686,441,97495.37000000004
686,441,97510.84500000002
721,492,97528.25500000002
672,496,97544.87500000001
734,409,97561.06500000002
704,367,97576.43000000001
722,410,97592.79500000003
722,410,97609.81000000001
664,491,97627.18000000001
664,491,97642.99
677,475,97659.40000000004
677,475,97676.44500000002
683,496,97693.46
683,496,97709.13500000002
550,441,97728.98500000003
550,441,97748.03500000002
587,542,97763.81999999999
622,421,97779.67
622,421,97800.615
622,421,97823.96
449,503,97844.57000000002
518,190,97860.71
503,180,97878.62000000001
427,316,97903.56500000002
346,403,97920.21
463,254,97936.49500000004
463,254,97953.10000000002
377,297,97969.48000000003
377,297,97985.19000000002
471,398,98001.54500000003
471,398,98017.925
431,511,98033.91500000002
462,468,98050.15500000001
455,512,98066.24500000004
455,512,98083.87000000001
448,499,98099.93000000001
523,602,98116.02500000004
549,426,98131.545
521,433,98149.27000000003
521,433,98169.57500000003
521,433,98186.84000000001
511,398,98204.16500000002
494,458,98223.46500000004
399,661,98239.44500000002
534,492,98255.60000000002
474,467,98276.615
455,585,98292.52500000001
455,585,98311.40000000001
640,515,98327.105
640,515,98343.60000000002
639,352,98361.22500000002
545,460,98377.765
519,547,98394.32500000003
519,547,98414.36
475,585,98430.03000000001
475,585,98446.83000000003
525,609,98462.80500000004
466,591,98478.92500000003
457,448,98494.98000000003
457,448,98510.645
455,556,98526.41000000002
455,556,98542.74500000001
553,405,98559.12500000001
487,418,98575.49000000003
487,418,98591.37500000001
506,356,98609.77500000001
480,466,98629.34500000002
572,414,98646.62500000001
610,380,98664.23000000003
610,380,98679.895
509,518,98696.35000000002
509,518,98712.395
465,496,98728.69000000002
465,496,98744.92000000003
355,449,98760.93500000001
355,449,98776.325
432,436,98793.13500000002
432,436,98808.335
265,423,98825.19000000002
265,423,98841.335
406,452,98858.64000000003
406,452,98874.56500000002
301,503,98891.99
301,503,98907.72500000002
301,503,98925.16000000002
318,384,98944.24000000003
318,384,98960.20500000003
316,535,98976.33
316,535,98993.97000000002
394,459,99009.53500000002
394,459,99025.60000000002
365,443,99041.46000000004
365,443,99059.36000000003
350,422,99075.50500000002
272,567,99095.12999999999
272,567,99111.35000000002
218,521,99131.28500000002
289,503,99147.89
159,735,99164.22000000002
175,773,99180.60000000002
102,883,99196.52
302,1031,99212.57000000002
373,1130,99228.25500000002
554,1042,99245.25500000002
854,986,99264.3
854,986,99279.71
830,1018,99297.71500000001
761,758,99315.355
568,560,99330.95000000003
596,507,99347.28000000001
394,294,99363.33
458,409,99379.33
227,490,99396.16500000002
298,507,99412.11500000003
278,497,99428.02500000001
243,647,99444.675
168,507,99460.57500000003
204,542,99475.81500000002
269,481,99492.45500000003
269,481,99508.73500000003
263,478,99528.09000000001
354,455,99544.675
431,446,99562.34000000004
431,446,99577.44499999999
424,503,99593.64500000003
424,503,99614.68500000004
354,519,99632.67500000003
354,519,99648.825
354,519,99664.575
372,556,99680.37500000001
372,556,99697.05500000004
326,568,99712.95000000003
326,568,99728.29
236,584,99744.84000000001
236,584,99761.10000000002
233,630,99777.24500000001
259,601,99793.44000000002
320,230,99808.88000000002
349,409,99825.17500000003
282,450,99845.58500000004
311,432,99861.46500000001
311,432,99877.86000000003
288,450,99895.28500000002
288,450,99911.63000000002
188,354,99931.44500000002
188,354,99947.75500000002
233,515,99964.22500000002
233,515,99980.05500000001
138,704,99996.24000000003
138,704,100012.49500000001
138,704,100028.09000000001
184,507,100044.25000000001
184,507,100060.48500000003
158,575,100076.72499999999
202,568,100092.74
300,597,100108.76000000002
300,597,100124.62500000004
176,572,100142.015
207,525,100162.00500000002
293,506,100177.83000000003
293,506,100193.99
231,698,100212.31000000001
285,600,100227.74
285,600,100244.01000000002
160,566,100260.02500000001
172,568,100276.12000000001
244,583,100292.55000000003
244,583,100312.69500000002
311,590,100328.15500000004
311,590,100344.94000000002
239,557,100360.98500000003
150,643,100376.35500000003
112,592,100393.43000000001
161,614,100414.19000000002
103,552,100435.13000000002
103,552,100451.47000000002
134,636,100470.37000000001
134,636,100489.43500000001
180,476,100507.09000000004
180,476,100523.02500000001
183,506,100541.11000000003
203,571,100557.00000000001
216,626,100573.42000000003
216,626,100591.69500000002
113,583,100607.95
113,583,100624.14500000003
186,473,100641.02000000003
162,563,100657.52500000001
111,523,100673.895
212,506,100694.00500000002
212,506,100709.67
135,497,100725.89500000003
135,497,100746.02
135,497,100761.56500000002
135,455,100777.07000000002
135,455,100793.09500000002
97,534,100809.17000000003
97,534,100824.71
43,712,100841.35500000003
43,712,100858.335
59,627,100874.87500000001
110,487,100893.61000000003
104,606,100909.96
104,606,100926.46500000004
182,578,100942.45500000003
182,578,100959.49
152,611,100975.86
167,616,100992.30500000001
250,480,101012.895
271,571,101032.22499999999
271,571,101048.94000000002
228,663,101067.06500000002
228,663,101083.94500000002
263,420,101100.47000000002
263,420,101116.59500000002
227,462,101132.705
215,500,101149.46500000001
215,500,101165.96500000001
250,655,101190.87000000001
265,576,101207.53500000002
265,576,101223.76000000002
249,447,101239.81000000001
249,447,101255.81000000001
199,542,101273.205
199,542,101293.56000000001
279,398,101309.49500000001
279,398,101326.60500000003
319,560,101342.87500000001
319,560,101358.88000000002
265,416,101374.33500000004
265,416,101393.10500000003
145,656,101410.91500000002
147,752,101426.52
284,920,101443.00500000002
330,900,101459.84500000002
538,897,101475.16000000002
586,982,101491.17500000003
667,815,101507.00000000001
667,815,101523.07000000002
604,811,101545.45500000003
501,730,101564.56000000001
404,636,101580.38500000002
400,666,101598.46
367,646,101622.92000000003
434,494,101639.31000000001
430,442,101655.81500000002
315,526,101672.645
315,526,101688.71
261,510,101706.19500000002
261,510,101723.235
251,467,101743.12000000004
251,467,101759.22000000002
330,424,101775.11
330,424,101795.51000000002
210,528,101815.835
237,453,101831.55
270,440,101847.53500000002
270,440,101864.80500000001
236,542,101880.81500000002
236,542,101896.89
234,493,101914.26500000003
234,493,101934.62000000001
369,369,101951.05500000001
284,457,101967.425
242,560,101983.37999999999
249,561,102000.56500000002
320,475,102016.26500000003
320,475,102032.03000000001
213,468,102048.77500000004
213,468,102069.88500000002
270,468,102085.54000000002
242,606,102102.43000000001
242,606,102118.23
298,668,102134.82000000002
244,533,102156.38000000002
247,561,102172.02500000001
247,561,102188.65000000001
305,581,102206.7
305,581,102222.18500000001
305,581,102237.76500000003
239,533,102257.27000000003
225,532,102272.68500000001
281,553,102289.54000000002
243,531,102305.34000000001
175,604,102322.615
175,604,102338.38500000002
187,544,102354.83500000004
216,463,102371.56000000001
216,463,102389.62999999999
305,468,102405.40000000001
305,468,102421.34000000001
316,385,102437.8
316,385,102458.925
291,459,102479.32000000002
291,459,102494.80000000003
266,510,102512.01000000002
266,510,102527.84000000001
237,565,102544.39000000003
276,547,102560.10000000002
345,609,102575.78500000002
345,609,102592.22000000002
345,609,102607.99000000003
286,551,102623.72000000002
286,551,102640.17500000003
308,579,102656.31000000001
338,551,102671.65500000001
198,502,102687.28000000001
198,502,102705.03000000001
320,540,102725.53000000001
243,560,102741.88500000002
334,534,102757.82500000003
310,569,102774.885
310,569,102792.735
240,587,102809.43000000001
240,587,102825.02
287,586,102841.91000000002
287,586,102857.67500000003
251,602,102873.29000000002
326,605,102889.605
393,638,102909.27
393,638,102928.99500000001
382,647,102945.54500000003
382,647,102961.22499999999
382,647,102979.21
339,653,102995.085
357,618,103010.90000000001
267,611,103026.26500000003
267,611,103043.80500000001
300,575,103064.25000000001
260,560,103086.29000000002
260,560,103107.41000000002
249,557,103123.97000000002
291,593,103139.88500000002
291,593,103155.63500000002
243,707,103172.175
253,763,103189.34500000002
69,1014,103205.21
121,1124,103220.88500000002
227,1002,103238.65500000001
421,1030,103260.33
561,1045,103276.71500000001
561,1045,103292.58500000004
856,938,103309.01000000002
708,991,103324.63000000002
717,998,103340.41000000002
676,991,103356.635
544,932,103373.35500000003
544,731,103392.51500000003
379,729,103411.09000000001
384,546,103427.56000000001
285,674,103447.88000000002
247,709,103467.77500000001
247,742,103489.93500000001
252,699,103510.56000000001
286,566,103526.96500000001
336,558,103543.57000000002
375,544,103560.13000000002
360,604,103578.46000000004
360,604,103597.16000000002
298,644,103620.76000000002
311,580,103638.62000000001
311,580,103661.14500000003
355,541,103682.23000000003
368,545,103704.22500000002
320,561,103723.665
302,593,103744.49500000001
318,542,103767.78000000001
307,595,103793.58
349,628,103810.50000000001
313,589,103828.56000000001
394,541,103845.29500000003
394,541,103861.66500000002
365,643,103878.29000000002
